<application>
  <component name="LocalDatabaseDriverManager" version="201">
    <driver id="postgresql">
      <artifact id="PostgreSQL" name="PostgreSQL" use="true" version="42.3.3" />
    </driver>
    <driver id="sqlite.xerial">
      <artifact id="Xerial SQLiteJDBC" name="Xerial SQLiteJDBC" use="true" version="3.36.0.3" />
    </driver>
    <driver id="java.sql.Driver" name="User Driver" driver-class="java.sql.Driver" />
    <driver id="cf25cdf6-d445-4bd4-93ab-8deafd143684" name="itkcfg driver" dialect="SQLite" driver-class="org.sqlite.JDBC" icon="AllIcons.Providers.Sqlite">
      <url-template name="default" template="jdbc:sqlite:!(:memory:){file::identifier.sqlite}?" />
      <url-template name="In-memory" template="jdbc:sqlite::memory:" />
      <artifact id="Xerial SQLiteJDBC" name="Xerial SQLiteJDBC" use="true" version="3.36.0.3" />
      <property name="enable_load_extension" value="true" />
      <library>
        <url>file://$APPLICATION_CONFIG_DIR$/jdbc-drivers/Xerial SQLiteJDBC/3.34.0/sqlite-jdbc-3.34.0.jar</url>
      </library>
    </driver>
  </component>
</application>