<application>
  <component name="FileTypeManager" version="18">
    <extensionMap>
      <mapping ext="dev" type="Dockerfile" />
      <mapping ext="prod" type="Dockerfile" />
      <mapping pattern=".env" type="PLAIN_TEXT" />
      <mapping pattern=".npmrc" type="PLAIN_TEXT" />
      <mapping ext="hc22000" type="PLAIN_TEXT" />
      <mapping ext="rgd" type="PLAIN_TEXT" />
      <mapping ext="ys" type="PLAIN_TEXT" />
      <removed_mapping ext="conf" approved="true" type="SmartyConfig" />
      <removed_mapping ext="dockerignore" approved="true" type="DockerIgnore file" />
      <removed_mapping ext="ignore" approved="true" type="IgnoreLang file" />
      <removed_mapping ext="pdf" approved="true" type="Native" />
      <removed_mapping pattern=".env" approved="true" type=".env file" />
    </extensionMap>
  </component>
</application>