<application>
  <component name="NodeJsLocalInterpreterManager">
    <local-interpreter path="/opt/homebrew/bin/node">
      <version-cache version="20.5.1" last-modified="1691588250000" />
    </local-interpreter>
    <local-interpreter path="$USER_HOME$/.nvm/versions/node/v16.15.1/bin/node">
      <version-cache version="16.15.1" last-modified="1654111833000" />
    </local-interpreter>
    <local-interpreter path="/usr/local/bin/node">
      <version-cache version="16.13.0" last-modified="1635246634000" />
    </local-interpreter>
    <local-interpreter path="$USER_HOME$/.nvm/versions/node/v14.7.0/bin/node">
      <version-cache version="14.7.0" last-modified="1596040307000" />
    </local-interpreter>
    <local-interpreter path="$USER_HOME$/.nvm/versions/node/v12.22.9/bin/node">
      <version-cache version="12.22.9" last-modified="1641819400000" />
    </local-interpreter>
  </component>
</application>